Year,STATE,DISTRICT,No. of CSCs,Cases Registered,Advice Enabled
2021-22,ANDAMAN AND NICOBAR,NORTH AND MIDDLE ANDAMAN,2,60,48
2021-22,ANDHRA PRADESH,ANANTAPUR,230,7026,6104
2021-22,ANDHRA PRADESH,CHITTOOR,185,1088,935
2021-22,ANDHRA PRADESH,EAST GODAVARI,336,1221,1113
2021-22,ANDHRA PRADESH,GUNTUR,200,832,749
2021-22,ANDHRA PRADESH,KRISHNA,98,793,772
2021-22,ANDHRA PRADESH,KURNOOL,94,904,882
2021-22,ANDHRA PRADESH,PRAKASAM,84,400,394
2021-22,ANDHRA PRADESH,SPSR NELLORE,50,297,289
2021-22,ANDHRA PRADESH,SRIKAKULAM,45,302,296
2021-22,ANDHRA PRADESH,VISAKHAPATNAM,238,5647,5883
2021-22,ANDHRA PRADESH,VIZIANAGARAM,242,3186,3246
2021-22,ANDHRA PRADESH,WEST GODAVARI,52,529,478
2021-22,ANDHRA PRADESH,Y.S.R.,213,3181,3212
2021-22,ARUNACHAL PRADESH,CHANGLANG,7,331,217
2021-22,ARUNACHAL PRADESH,EAST KAMENG,1,162,73
2021-22,ARUNACHAL PRADESH,EAST SIANG,1,107,69
2021-22,ARUNACHAL PRADESH,KURUNG KUMEY,3,31,16
2021-22,ARUNACHAL PRADESH,LOHIT,3,95,91
2021-22,ARUNACHAL PRADESH,LONGDING,1,0,0
2021-22,ARUNACHAL PRADESH,LOWER SUBANSIRI,7,4,0
2021-22,ARUNACHAL PRADESH,NAMSAI,3,1,1
2021-22,ARUNACHAL PRADESH,PAPUM PARE,7,50,31
2021-22,ARUNACHAL PRADESH,TAWANG,3,45,24
2021-22,ARUNACHAL PRADESH,TIRAP,3,30,17
2021-22,ARUNACHAL PRADESH,UPPER SIANG,2,28,23
2021-22,ARUNACHAL PRADESH,UPPER SUBANSIRI,2,10,10
2021-22,ARUNACHAL PRADESH,WEST KAMENG,1,10,10
2021-22,ARUNACHAL PRADESH,WEST SIANG,5,1,0
2021-22,ASSAM,BAKSA,56,1149,1063
2021-22,ASSAM,BARPETA,129,2067,2031
2021-22,ASSAM,BISWANATH,27,218,201
2021-22,ASSAM,BONGAIGAON,62,555,528
2021-22,ASSAM,CACHAR,95,558,516
2021-22,ASSAM,CHARAIDEO,22,280,209
2021-22,ASSAM,CHIRANG,61,415,415
2021-22,ASSAM,DARRANG,104,3416,3249
2021-22,ASSAM,DHEMAJI,80,2399,2362
2021-22,ASSAM,DHUBRI,204,6513,6474
2021-22,ASSAM,DIBRUGARH,72,912,892
2021-22,ASSAM,DIMA HASAO,7,72,52
2021-22,ASSAM,GOALPARA,93,3808,3700
2021-22,ASSAM,GOLAGHAT,77,489,485
2021-22,ASSAM,HAILAKANDI,76,1637,1554
2021-22,ASSAM,HOJAI,50,1720,1627
2021-22,ASSAM,JORHAT,60,580,556
2021-22,ASSAM,KAMRUP,108,3824,3672
2021-22,ASSAM,KAMRUP METRO,27,52,40
2021-22,ASSAM,KARBI ANGLONG,51,398,333
2021-22,ASSAM,KARIMGANJ,109,63,56
2021-22,ASSAM,KOKRAJHAR,173,1672,1477
2021-22,ASSAM,LAKHIMPUR,72,608,616
2021-22,ASSAM,MAJULI,17,49,43
2021-22,ASSAM,MORIGAON,155,712,691
2021-22,ASSAM,NAGAON,116,1110,951
2021-22,ASSAM,NALBARI,57,1128,1054
2021-22,ASSAM,SIVASAGAR,68,308,262
2021-22,ASSAM,SONITPUR,87,1158,1110
2021-22,ASSAM,SOUTH SALMARA MANKACHAR,27,730,645
2021-22,ASSAM,TINSUKIA,67,49,43
2021-22,ASSAM,UDALGURI,127,341,317
2021-22,ASSAM,WEST KARBI ANGLONG,5,436,389
2021-22,BIHAR,ARARIA,234,5758,5157
2021-22,BIHAR,ARWAL,42,786,620
2021-22,BIHAR,AURANGABAD,212,3949,3103
2021-22,BIHAR,BANKA,165,1815,1717
2021-22,BIHAR,BEGUSARAI,222,2006,1829
2021-22,BIHAR,BHAGALPUR,126,305,239
2021-22,BIHAR,BHOJPUR,111,409,346
2021-22,BIHAR,BUXAR,69,69,61
2021-22,BIHAR,DARBHANGA,339,164,126
2021-22,BIHAR,GAYA,272,2259,2145
2021-22,BIHAR,GOPALGANJ,183,104,90
2021-22,BIHAR,JAMUI,137,1320,1239
2021-22,BIHAR,JEHANABAD,29,73,52
2021-22,BIHAR,KAIMUR (BHABUA),84,257,220
2021-22,BIHAR,KATIHAR,225,5152,4731
2021-22,BIHAR,KHAGARIA,124,23209,19586
2021-22,BIHAR,KISHANGANJ,92,95,82
2021-22,BIHAR,LAKHISARAI,36,635,507
2021-22,BIHAR,MADHEPURA,102,404,373
2021-22,BIHAR,MADHUBANI,204,366,339
2021-22,BIHAR,MUNGER,80,158,121
2021-22,BIHAR,MUZAFFARPUR,287,4626,4131
2021-22,BIHAR,NALANDA,113,145,125
2021-22,BIHAR,NAWADA,148,1271,1210
2021-22,BIHAR,PASHCHIM CHAMPARAN,143,243,202
2021-22,BIHAR,PATNA,144,151,131
2021-22,BIHAR,PURBI CHAMPARAN,178,491,473
2021-22,BIHAR,PURNIA,272,12981,10062
2021-22,BIHAR,ROHTAS,98,121,113
2021-22,BIHAR,SAHARSA,85,225,202
2021-22,BIHAR,SAMASTIPUR,173,388,354
2021-22,BIHAR,SARAN,162,735,726
2021-22,BIHAR,SHEIKHPURA,62,850,800
2021-22,BIHAR,SHEOHAR,33,153,151
2021-22,BIHAR,SITAMARHI,297,3923,3544
2021-22,BIHAR,SIWAN,155,306,286
2021-22,BIHAR,SUPAUL,106,164,135
2021-22,BIHAR,VAISHALI,107,193,187
2021-22,CHANDIGARH,CHANDIGARH,17,1686,1228
2021-22,CHHATTISGARH,BALOD,322,666,513
2021-22,CHHATTISGARH,BALODA BAZAR,288,311,274
2021-22,CHHATTISGARH,BALRAMPUR,267,1941,1610
2021-22,CHHATTISGARH,BASTAR,330,213,197
2021-22,CHHATTISGARH,BEMETARA,229,117,86
2021-22,CHHATTISGARH,BIJAPUR,164,673,619
2021-22,CHHATTISGARH,BILASPUR,204,515,411
2021-22,CHHATTISGARH,DANTEWADA,102,316,300
2021-22,CHHATTISGARH,DHAMTARI,106,520,429
2021-22,CHHATTISGARH,DURG,194,5918,5072
2021-22,CHHATTISGARH,GARIYABAND,85,665,589
2021-22,CHHATTISGARH,JANJGIR-CHAMPA,274,5658,5032
2021-22,CHHATTISGARH,JASHPUR,100,19,18
2021-22,CHHATTISGARH,KABIRDHAM,346,2929,2731
2021-22,CHHATTISGARH,KANKER,280,3072,3022
2021-22,CHHATTISGARH,KONDAGAON,116,1519,1460
2021-22,CHHATTISGARH,KORBA,303,14355,13485
2021-22,CHHATTISGARH,KOREA,250,47,37
2021-22,CHHATTISGARH,MAHASAMUND,425,14360,13339
2021-22,CHHATTISGARH,MUNGELI,85,767,665
2021-22,CHHATTISGARH,NARAYANPUR,41,1284,1233
2021-22,CHHATTISGARH,RAIGARH,115,980,916
2021-22,CHHATTISGARH,RAIPUR,147,750,611
2021-22,CHHATTISGARH,RAJNANDGAON,349,15465,13677
2021-22,CHHATTISGARH,SUKMA,63,3986,3955
2021-22,CHHATTISGARH,SURAJPUR,41,61,44
2021-22,CHHATTISGARH,SURGUJA,47,2175,1890
2021-22,DADRA NAGAR HAVELI & DAMAN & DIU,DADRA AND NAGAR HAVELI,2,326,47
2021-22,DADRA NAGAR HAVELI & DAMAN & DIU,DAMAN,1,8,6
2021-22,DADRA NAGAR HAVELI & DAMAN & DIU,DIU,1,0,0
2021-22,DELHI,CENTRAL DELHI,1,25,18
2021-22,DELHI,EAST DELHI,1,37,28
2021-22,DELHI,NEW DELHI,1,27,21
2021-22,DELHI,NORTH DELHI,1,83,62
2021-22,DELHI,NORTH EAST,1,65,35
2021-22,DELHI,NORTH WEST,1,133,88
2021-22,DELHI,SHAHDARA,1,30,16
2021-22,DELHI,SOUTH DELHI,1,29,14
2021-22,DELHI,SOUTH EAST,1,40,33
2021-22,DELHI,SOUTH WEST,1,41,29
2021-22,DELHI,WEST DELHI,1,9,5
2021-22,GOA,NORTH GOA,1,800,399
2021-22,GOA,SOUTH GOA,1,93,89
2021-22,GUJARAT,AHMADABAD,304,308,268
2021-22,GUJARAT,AMRELI,327,943,901
2021-22,GUJARAT,ANAND,236,235,207
2021-22,GUJARAT,ARVALLI,220,431,389
2021-22,GUJARAT,BANAS KANTHA,356,1135,954
2021-22,GUJARAT,BHARUCH,357,114,94
2021-22,GUJARAT,BHAVNAGAR,281,987,826
2021-22,GUJARAT,BOTAD,61,166,160
2021-22,GUJARAT,CHHOTAUDEPUR,32,1,0
2021-22,GUJARAT,DANG,17,13,10
2021-22,GUJARAT,DEVBHUMI DWARKA,67,1637,1573
2021-22,GUJARAT,DOHAD,332,13373,10524
2021-22,GUJARAT,GANDHINAGAR,53,735,662
2021-22,GUJARAT,GIR SOMNATH,64,1112,865
2021-22,GUJARAT,JAMNAGAR,82,1655,915
2021-22,GUJARAT,JUNAGADH,60,1503,1187
2021-22,GUJARAT,KACHCHH,63,113,112
2021-22,GUJARAT,KHEDA,109,851,637
2021-22,GUJARAT,MAHESANA,76,216,212
2021-22,GUJARAT,MAHISAGAR,72,2651,2504
2021-22,GUJARAT,MORBI,33,31,30
2021-22,GUJARAT,NARMADA,121,3841,3679
2021-22,GUJARAT,NAVSARI,55,1662,1524
2021-22,GUJARAT,PANCH MAHALS,109,729,652
2021-22,GUJARAT,PATAN,65,2076,2014
2021-22,GUJARAT,PORBANDAR,39,223,204
2021-22,GUJARAT,RAJKOT,97,1872,1327
2021-22,GUJARAT,SABAR KANTHA,163,607,545
2021-22,GUJARAT,SURAT,132,324,297
2021-22,GUJARAT,SURENDRANAGAR,95,1026,860
2021-22,GUJARAT,TAPI,52,2426,354
2021-22,GUJARAT,VADODARA,94,785,562
2021-22,GUJARAT,VALSAD,76,149,145
2021-22,HARYANA,AMBALA,120,1341,1311
2021-22,HARYANA,BHIWANI,143,1009,881
2021-22,HARYANA,FARIDABAD,88,482,403
2021-22,HARYANA,FATEHABAD,99,604,554
2021-22,HARYANA,GURGAON,44,369,289
2021-22,HARYANA,HISAR,109,217,182
2021-22,HARYANA,JHAJJAR,234,878,753
2021-22,HARYANA,JIND,152,370,329
2021-22,HARYANA,KAITHAL,156,449,424
2021-22,HARYANA,KARNAL,140,408,376
2021-22,HARYANA,KURUKSHETRA,149,372,359
2021-22,HARYANA,MAHENDRAGARH,126,67,58
2021-22,HARYANA,MEWAT,302,13123,11928
2021-22,HARYANA,PALWAL,129,514,473
2021-22,HARYANA,PANCHKULA,101,185,150
2021-22,HARYANA,PANIPAT,97,658,566
2021-22,HARYANA,REWARI,106,399,329
2021-22,HARYANA,ROHTAK,85,513,465
2021-22,HARYANA,SIRSA,187,934,791
2021-22,HARYANA,SONIPAT,77,306,269
2021-22,HARYANA,YAMUNANAGAR,119,725,694
2021-22,HIMACHAL PRADESH,BILASPUR,100,1682,1576
2021-22,HIMACHAL PRADESH,CHAMBA,211,3494,3452
2021-22,HIMACHAL PRADESH,HAMIRPUR,138,723,581
2021-22,HIMACHAL PRADESH,KANGRA,261,2886,2727
2021-22,HIMACHAL PRADESH,KINNAUR,45,611,558
2021-22,HIMACHAL PRADESH,KULLU,204,1315,1134
2021-22,HIMACHAL PRADESH,LAHUL AND SPITI,1,6,2
2021-22,HIMACHAL PRADESH,MANDI,264,813,695
2021-22,HIMACHAL PRADESH,SHIMLA,365,974,914
2021-22,HIMACHAL PRADESH,SIRMAUR,120,990,903
2021-22,HIMACHAL PRADESH,SOLAN,114,435,390
2021-22,HIMACHAL PRADESH,UNA,125,2539,2323
2021-22,JAMMU AND KASHMIR,ANANTNAG,101,1456,1305
2021-22,JAMMU AND KASHMIR,BANDIPORA,43,1989,1818
2021-22,JAMMU AND KASHMIR,BARAMULLA,188,7731,7371
2021-22,JAMMU AND KASHMIR,BUDGAM,190,4517,3871
2021-22,JAMMU AND KASHMIR,DODA,38,123,112
2021-22,JAMMU AND KASHMIR,GANDERBAL,75,2188,2010
2021-22,JAMMU AND KASHMIR,JAMMU,61,190,141
2021-22,JAMMU AND KASHMIR,KATHUA,92,1598,1425
2021-22,JAMMU AND KASHMIR,KISHTWAR,22,154,125
2021-22,JAMMU AND KASHMIR,KULGAM,102,4309,3989
2021-22,JAMMU AND KASHMIR,KUPWARA,190,5785,5204
2021-22,JAMMU AND KASHMIR,POONCH,43,811,707
2021-22,JAMMU AND KASHMIR,PULWAMA,70,6926,5867
2021-22,JAMMU AND KASHMIR,RAJOURI,45,302,255
2021-22,JAMMU AND KASHMIR,RAMBAN,42,90,70
2021-22,JAMMU AND KASHMIR,REASI,27,335,310
2021-22,JAMMU AND KASHMIR,SAMBA,29,106,94
2021-22,JAMMU AND KASHMIR,SHOPIAN,27,178,162
2021-22,JAMMU AND KASHMIR,SRINAGAR,15,174,137
2021-22,JAMMU AND KASHMIR,UDHAMPUR,25,188,172
2021-22,JHARKHAND,BOKARO,215,6671,6484
2021-22,JHARKHAND,CHATRA,143,1758,1694
2021-22,JHARKHAND,DEOGHAR,104,54,47
2021-22,JHARKHAND,DHANBAD,114,320,295
2021-22,JHARKHAND,DUMKA,175,1198,993
2021-22,JHARKHAND,EAST SINGHBHUM,166,5494,5251
2021-22,JHARKHAND,GARHWA,145,4835,4666
2021-22,JHARKHAND,GIRIDIH,304,11328,10687
2021-22,JHARKHAND,GODDA,176,19654,16425
2021-22,JHARKHAND,GUMLA,123,1139,867
2021-22,JHARKHAND,HAZARIBAGH,193,2639,2473
2021-22,JHARKHAND,JAMTARA,31,49,30
2021-22,JHARKHAND,KHUNTI,53,1901,1851
2021-22,JHARKHAND,KODERMA,69,940,907
2021-22,JHARKHAND,LATEHAR,94,1566,1472
2021-22,JHARKHAND,LOHARDAGA,59,1526,1106
2021-22,JHARKHAND,PAKUR,113,2594,2390
2021-22,JHARKHAND,PALAMU,251,2117,2016
2021-22,JHARKHAND,RAMGARH,111,2036,1999
2021-22,JHARKHAND,RANCHI,209,8161,8009
2021-22,JHARKHAND,SAHIBGANJ,121,3235,2553
2021-22,JHARKHAND,SAREIKELA AND KHARSAWAN,74,339,297
2021-22,JHARKHAND,SIMDEGA,53,1003,808
2021-22,JHARKHAND,WEST SINGHBHUM,98,268,222
2021-22,KARNATAKA,BAGALKOT,85,490,445
2021-22,KARNATAKA,BELGAUM,213,747,346
2021-22,KARNATAKA,BELLARY,65,89,71
2021-22,KARNATAKA,BENGALURU RURAL,49,189,156
2021-22,KARNATAKA,BENGALURU URBAN,56,525,502
2021-22,KARNATAKA,BIDAR,68,350,298
2021-22,KARNATAKA,BIJAPUR ( VIJAYAPURA),57,16,11
2021-22,KARNATAKA,CHAMARAJANAGAR,38,422,328
2021-22,KARNATAKA,CHIK BALLAPUR,15,7,7
2021-22,KARNATAKA,CHIKMAGALUR,32,20,19
2021-22,KARNATAKA,CHITRADURGA,60,6,4
2021-22,KARNATAKA,DAKSHIN KANNAD,67,47,39
2021-22,KARNATAKA,DAVANGERE,68,126,52
2021-22,KARNATAKA,DHARWAD,50,291,263
2021-22,KARNATAKA,GADAG,50,161,143
2021-22,KARNATAKA,GULBARGA,55,208,145
2021-22,KARNATAKA,HASSAN,73,418,375
2021-22,KARNATAKA,HAVERI,61,200,104
2021-22,KARNATAKA,KODAGU,13,327,281
2021-22,KARNATAKA,KOLAR,26,34,32
2021-22,KARNATAKA,KOPPAL,70,889,835
2021-22,KARNATAKA,MANDYA,48,119,100
2021-22,KARNATAKA,MYSURU,57,1424,1231
2021-22,KARNATAKA,RAICHUR,149,3893,3583
2021-22,KARNATAKA,RAMANAGARA,38,184,175
2021-22,KARNATAKA,SHIMOGA,94,18,14
2021-22,KARNATAKA,TUMKUR,54,32,28
2021-22,KARNATAKA,UDUPI,33,129,116
2021-22,KARNATAKA,UTTARA KANNADA,22,14,11
2021-22,KARNATAKA,YADGIR,95,2582,2198
2021-22,KERALA,ALAPPUZHA,42,212,212
2021-22,KERALA,ERNAKULAM,44,159,154
2021-22,KERALA,IDUKKI,32,289,272
2021-22,KERALA,KANNUR,34,48,41
2021-22,KERALA,KASARGOD,13,23,22
2021-22,KERALA,KOLLAM,45,157,150
2021-22,KERALA,KOTTAYAM,39,146,141
2021-22,KERALA,KOZHIKODE,48,214,205
2021-22,KERALA,MALAPPURAM,52,90,84
2021-22,KERALA,PALAKKAD,63,130,123
2021-22,KERALA,PATHANAMTHITTA,28,32,31
2021-22,KERALA,THIRUVANANTHAPURAM,42,258,229
2021-22,KERALA,THRISSUR,53,701,647
2021-22,KERALA,WAYANAD,24,1213,1151
2021-22,LADAKH,KARGIL,3,376,358
2021-22,LADAKH,LEH LADAKH,10,63,62
2021-22,LAKSHADWEEP,LAKSHADWEEP DISTRICT,2,0,0
2021-22,MADHYA PRADESH,ALIRAJPUR,46,712,696
2021-22,MADHYA PRADESH,ANUPPUR,82,765,740
2021-22,MADHYA PRADESH,ASHOKNAGAR,133,590,577
2021-22,MADHYA PRADESH,BALAGHAT,123,224,212
2021-22,MADHYA PRADESH,BARWANI,155,507,460
2021-22,MADHYA PRADESH,BETUL,179,86,81
2021-22,MADHYA PRADESH,BHIND,110,165,156
2021-22,MADHYA PRADESH,BHOPAL,111,213,199
2021-22,MADHYA PRADESH,BURHANPUR,65,22,21
2021-22,MADHYA PRADESH,CHHATARPUR,453,23179,22685
2021-22,MADHYA PRADESH,CHHINDWARA,158,199,190
2021-22,MADHYA PRADESH,DAMOH,368,9176,9006
2021-22,MADHYA PRADESH,DATIA,131,4569,4291
2021-22,MADHYA PRADESH,DEWAS,102,121,97
2021-22,MADHYA PRADESH,DHAR,62,61,33
2021-22,MADHYA PRADESH,DINDORI,86,385,308
2021-22,MADHYA PRADESH,EAST NIMAR,315,3644,3523
2021-22,MADHYA PRADESH,GUNA,333,5332,5092
2021-22,MADHYA PRADESH,GWALIOR,101,114,99
2021-22,MADHYA PRADESH,HARDA,64,80,56
2021-22,MADHYA PRADESH,HOSHANGABAD,111,213,203
2021-22,MADHYA PRADESH,INDORE,66,36,15
2021-22,MADHYA PRADESH,JABALPUR,86,615,538
2021-22,MADHYA PRADESH,JHABUA,106,216,165
2021-22,MADHYA PRADESH,KATNI,188,418,372
2021-22,MADHYA PRADESH,KHARGONE,165,538,459
2021-22,MADHYA PRADESH,MANDLA,161,40,39
2021-22,MADHYA PRADESH,MANDSAUR,131,558,542
2021-22,MADHYA PRADESH,MORENA,195,74,74
2021-22,MADHYA PRADESH,NARSINGHPUR,136,67,64
2021-22,MADHYA PRADESH,NEEMUCH,105,49,46
2021-22,MADHYA PRADESH,PANNA,141,1452,1357
2021-22,MADHYA PRADESH,RAISEN,138,472,461
2021-22,MADHYA PRADESH,RAJGARH,367,4376,4324
2021-22,MADHYA PRADESH,RATLAM,167,155,137
2021-22,MADHYA PRADESH,REWA,321,2383,2301
2021-22,MADHYA PRADESH,SAGAR,217,532,499
2021-22,MADHYA PRADESH,SATNA,175,186,166
2021-22,MADHYA PRADESH,SEHORE,122,41,41
2021-22,MADHYA PRADESH,SEONI,105,375,367
2021-22,MADHYA PRADESH,SHAHDOL,81,207,183
2021-22,MADHYA PRADESH,SHAJAPUR,83,7,7
2021-22,MADHYA PRADESH,SHEOPUR,81,590,544
2021-22,MADHYA PRADESH,SHIVPURI,253,2576,2468
2021-22,MADHYA PRADESH,SIDHI,121,353,299
2021-22,MADHYA PRADESH,SINGRAULI,315,24172,23897
2021-22,MADHYA PRADESH,TIKAMGARH,211,1734,1695
2021-22,MADHYA PRADESH,UJJAIN,177,41,34
2021-22,MADHYA PRADESH,UMARIA,67,35,25
2021-22,MADHYA PRADESH,VIDISHA,345,9071,8745
2021-22,MAHARASHTRA,AHEMADNAGAR,128,360,224
2021-22,MAHARASHTRA,AKOLA,63,872,693
2021-22,MAHARASHTRA,AMRAVATI,135,681,531
2021-22,MAHARASHTRA,AURANGABAD,271,515,444
2021-22,MAHARASHTRA,BEED,149,17590,16930
2021-22,MAHARASHTRA,BHANDARA,176,2820,2736
2021-22,MAHARASHTRA,BULDANA,104,162,158
2021-22,MAHARASHTRA,CHANDRAPUR,73,104,97
2021-22,MAHARASHTRA,DHULE,68,1038,970
2021-22,MAHARASHTRA,GADCHIROLI,396,13280,13134
2021-22,MAHARASHTRA,GONDIA,109,7395,7102
2021-22,MAHARASHTRA,HINGOLI,89,175,173
2021-22,MAHARASHTRA,JALGAON,116,214,205
2021-22,MAHARASHTRA,JALNA,110,2357,2229
2021-22,MAHARASHTRA,KOLHAPUR,166,5125,4927
2021-22,MAHARASHTRA,LATUR,113,488,480
2021-22,MAHARASHTRA,NAGPUR,162,123,115
2021-22,MAHARASHTRA,NANDED,115,731,697
2021-22,MAHARASHTRA,NANDURBAR,290,6735,6557
2021-22,MAHARASHTRA,NASHIK,163,942,546
2021-22,MAHARASHTRA,OSMANABAD,391,17416,17313
2021-22,MAHARASHTRA,PARBHANI,206,2359,2253
2021-22,MAHARASHTRA,PUNE,107,587,568
2021-22,MAHARASHTRA,RAIGAD,85,329,324
2021-22,MAHARASHTRA,RATNAGIRI,63,118,117
2021-22,MAHARASHTRA,SANGLI,90,186,161
2021-22,MAHARASHTRA,SATARA,60,1497,1447
2021-22,MAHARASHTRA,SINDHUDURG,44,268,267
2021-22,MAHARASHTRA,SOLAPUR,95,76,76
2021-22,MAHARASHTRA,THANE,211,1765,1707
2021-22,MAHARASHTRA,WARDHA,51,1792,1603
2021-22,MAHARASHTRA,WASHIM,307,14357,14099
2021-22,MAHARASHTRA,YAVATMAL,143,861,829
2021-22,MANIPUR,BISHNUPUR,18,25,22
2021-22,MANIPUR,CHANDEL,10,0,4
2021-22,MANIPUR,CHURACHANDPUR,9,1,1
2021-22,MANIPUR,IMPHAL EAST,15,13,10
2021-22,MANIPUR,IMPHAL WEST,6,64,59
2021-22,MANIPUR,Kakching,2,0,0
2021-22,MANIPUR,SENAPATI,8,0,0
2021-22,MANIPUR,TAMENGLONG,21,10,9
2021-22,MANIPUR,THOUBAL,16,17,14
2021-22,MANIPUR,UKHRUL,25,151,145
2021-22,MEGHALAYA,EAST GARO HILLS,26,626,673
2021-22,MEGHALAYA,EAST JAINTIA HILLS,14,266,243
2021-22,MEGHALAYA,EAST KHASI HILLS,65,554,465
2021-22,MEGHALAYA,NORTH GARO HILLS,19,844,749
2021-22,MEGHALAYA,RI BHOI,39,803,800
2021-22,MEGHALAYA,SOUTH GARO HILLS,13,342,308
2021-22,MEGHALAYA,SOUTH WEST GARO HILLS,24,509,390
2021-22,MEGHALAYA,SOUTH WEST KHASI HILLS,7,305,304
2021-22,MEGHALAYA,WEST GARO HILLS,41,402,404
2021-22,MEGHALAYA,WEST JAINTIA HILLS,37,471,458
2021-22,MEGHALAYA,WEST KHASI HILLS,26,305,242
2021-22,MIZORAM,AIZAWL,22,178,176
2021-22,MIZORAM,CHAMPHAI,6,179,169
2021-22,MIZORAM,KOLASIB,22,190,196
2021-22,MIZORAM,LAWNGTLAI,23,15,12
2021-22,MIZORAM,LUNGLEI,12,225,227
2021-22,MIZORAM,MAMIT,17,157,150
2021-22,MIZORAM,SAIHA,2,4,4
2021-22,MIZORAM,SERCHHIP,8,81,81
2021-22,NAGALAND,DIMAPUR,7,1716,1595
2021-22,NAGALAND,KIPHIRE,10,742,697
2021-22,NAGALAND,KOHIMA,9,378,375
2021-22,NAGALAND,LONGLENG,2,11,11
2021-22,NAGALAND,MOKOKCHUNG,8,122,122
2021-22,NAGALAND,MON,30,2221,2177
2021-22,NAGALAND,PEREN,12,694,683
2021-22,NAGALAND,PHEK,3,62,59
2021-22,NAGALAND,TUENSANG,11,556,519
2021-22,NAGALAND,WOKHA,13,113,101
2021-22,NAGALAND,ZUNHEBOTO,9,127,127
2021-22,ODISHA,ANGUL,214,214,211
2021-22,ODISHA,BALANGIR,285,4361,4094
2021-22,ODISHA,BALESHWAR,170,1955,1867
2021-22,ODISHA,BARGARH,91,648,612
2021-22,ODISHA,BAUDH,48,418,404
2021-22,ODISHA,BHADRAK,102,1027,990
2021-22,ODISHA,CUTTACK,124,3443,3312
2021-22,ODISHA,DEBAGARH,34,447,433
2021-22,ODISHA,DHENKANAL,148,2840,2658
2021-22,ODISHA,GAJAPATI,72,752,714
2021-22,ODISHA,GANJAM,109,1098,967
2021-22,ODISHA,JAGATSINGHAPUR,61,737,722
2021-22,ODISHA,JAJAPUR,105,768,666
2021-22,ODISHA,JHARSUGUDA,50,295,264
2021-22,ODISHA,KALAHANDI,214,2795,2711
2021-22,ODISHA,KANDHAMAL,112,2884,2738
2021-22,ODISHA,KENDRAPARA,128,942,799
2021-22,ODISHA,KENDUJHAR,75,1299,1244
2021-22,ODISHA,KHORDHA,70,1130,1070
2021-22,ODISHA,KORAPUT,103,1802,1750
2021-22,ODISHA,MALKANGIRI,77,3386,3323
2021-22,ODISHA,MAYURBHANJ,99,1073,1020
2021-22,ODISHA,NABARANGPUR,96,1033,969
2021-22,ODISHA,NAYAGARH,122,1859,1786
2021-22,ODISHA,NUAPADA,45,682,659
2021-22,ODISHA,PURI,108,1284,1250
2021-22,ODISHA,RAYAGADA,91,1267,1233
2021-22,ODISHA,SAMBALPUR,79,1024,974
2021-22,ODISHA,SONEPUR,80,632,580
2021-22,ODISHA,SUNDARGARH,58,702,621
2021-22,PUDUCHERRY,PUDUCHERRY,11,1012,454
2021-22,PUNJAB,AMRITSAR,423,208,64
2021-22,PUNJAB,BATHINDA,58,39,35
2021-22,PUNJAB,BURNALA,45,68,53
2021-22,PUNJAB,FARIDKOT,51,129,109
2021-22,PUNJAB,FATEHGARH SAHIB,40,141,99
2021-22,PUNJAB,FAZILKA,90,1252,1106
2021-22,PUNJAB,FIROZEPUR,766,17864,16773
2021-22,PUNJAB,GURDASPUR,70,461,356
2021-22,PUNJAB,HOSHIARPUR,70,90,83
2021-22,PUNJAB,JALANDHAR,65,155,134
2021-22,PUNJAB,KAPURTHALA,39,103,96
2021-22,PUNJAB,LUDHIANA,75,1042,852
2021-22,PUNJAB,MANSA,51,25,20
2021-22,PUNJAB,MOGA,366,2749,2593
2021-22,PUNJAB,MOHALI (S.A.S NAGAR),45,32,26
2021-22,PUNJAB,MUKTSAR (SRI MUKTASAR SAHIB),52,24,14
2021-22,PUNJAB,PATHANKOT,30,16,11
2021-22,PUNJAB,PATIALA,77,30,20
2021-22,PUNJAB,RUPNAGAR,68,159,131
2021-22,PUNJAB,SANGRUR,65,201,189
2021-22,PUNJAB,SHAHEED BHAGAT SINGH NAGAR,42,101,92
2021-22,PUNJAB,TARN TARAN,55,178,153
2021-22,RAJASTHAN,AJMER,51,403,363
2021-22,RAJASTHAN,ALWAR,378,842,802
2021-22,RAJASTHAN,BANSWARA,27,861,780
2021-22,RAJASTHAN,BARAN,214,7629,7320
2021-22,RAJASTHAN,BARMER,49,365,278
2021-22,RAJASTHAN,BHARATPUR,54,274,255
2021-22,RAJASTHAN,BHILWARA,62,612,493
2021-22,RAJASTHAN,BIKANER,40,274,201
2021-22,RAJASTHAN,BUNDI,24,279,192
2021-22,RAJASTHAN,CHITTAURGARH,33,235,191
2021-22,RAJASTHAN,CHURU,39,170,131
2021-22,RAJASTHAN,DAUSA,47,424,343
2021-22,RAJASTHAN,DHOLPUR,108,1539,1475
2021-22,RAJASTHAN,DUNGARPUR,51,876,853
2021-22,RAJASTHAN,GANGANAGAR,62,108,86
2021-22,RAJASTHAN,HANUMANGARH,91,561,485
2021-22,RAJASTHAN,JAIPUR,78,581,494
2021-22,RAJASTHAN,JAISALMER,128,267,231
2021-22,RAJASTHAN,JALORE,45,483,266
2021-22,RAJASTHAN,JHALAWAR,45,1748,1539
2021-22,RAJASTHAN,JHUNJHUNU,48,129,100
2021-22,RAJASTHAN,JODHPUR,59,573,515
2021-22,RAJASTHAN,KARAULI,165,4512,4405
2021-22,RAJASTHAN,KOTA,41,2332,1901
2021-22,RAJASTHAN,NAGAUR,59,569,449
2021-22,RAJASTHAN,PALI,84,387,335
2021-22,RAJASTHAN,PRATAPGARH,19,609,473
2021-22,RAJASTHAN,RAJSAMAND,59,221,149
2021-22,RAJASTHAN,SAWAI MADHOPUR,31,132,108
2021-22,RAJASTHAN,SIKAR,68,994,876
2021-22,RAJASTHAN,SIROHI,90,693,612
2021-22,RAJASTHAN,TONK,33,106,97
2021-22,RAJASTHAN,UDAIPUR,73,1502,1292
2021-22,SIKKIM,EAST DISTRICT,9,136,150
2021-22,SIKKIM,NORTH DISTRICT,1,4,2
2021-22,SIKKIM,SOUTH DISTRICT,10,279,274
2021-22,SIKKIM,WEST DISTRICT,15,555,598
2021-22,TAMIL NADU,ARIYALUR,45,198,195
2021-22,TAMIL NADU,CHENNAI,2,3,3
2021-22,TAMIL NADU,COIMBATORE,230,677,673
2021-22,TAMIL NADU,CUDDALORE,58,80,77
2021-22,TAMIL NADU,DHARMAPURI,59,93,92
2021-22,TAMIL NADU,DINDIGUL,34,95,95
2021-22,TAMIL NADU,ERODE,60,446,443
2021-22,TAMIL NADU,KANCHIPURAM,87,301,299
2021-22,TAMIL NADU,KANNIYAKUMARI,36,567,562
2021-22,TAMIL NADU,KARUR,58,267,261
2021-22,TAMIL NADU,KRISHNAGIRI,65,987,957
2021-22,TAMIL NADU,MADURAI,44,559,508
2021-22,TAMIL NADU,NAGAPATTINAM,44,198,196
2021-22,TAMIL NADU,NAMAKKAL,44,117,113
2021-22,TAMIL NADU,PERAMBALUR,26,87,87
2021-22,TAMIL NADU,PUDUKKOTTAI,28,193,189
2021-22,TAMIL NADU,RAMANATHAPURAM,118,2265,2267
2021-22,TAMIL NADU,SALEM,63,438,428
2021-22,TAMIL NADU,SIVAGANGA,449,1288,1283
2021-22,TAMIL NADU,THANJAVUR,50,2045,1993
2021-22,TAMIL NADU,THE NILGIRIS    (HQ: UDHAGAMA,9,7,5
2021-22,TAMIL NADU,THENI,25,253,253
2021-22,TAMIL NADU,THIRUVALLUR,62,383,383
2021-22,TAMIL NADU,TIRUCHIRAPPALLI,97,2754,2743
2021-22,TAMIL NADU,TIRUNELVELI,70,593,588
2021-22,TAMIL NADU,TIRUPPUR,58,485,458
2021-22,TAMIL NADU,TIRUVANNAMALAI,111,4110,4088
2021-22,TAMIL NADU,TIRUVARUR,66,647,629
2021-22,TAMIL NADU,TUTICORIN,53,159,158
2021-22,TAMIL NADU,VELLORE,121,795,761
2021-22,TAMIL NADU,VILLUPURAM,78,118,117
2021-22,TAMIL NADU,VIRUDHUNAGAR,473,5166,5081
2021-22,TELANGANA,ADILABAD,168,2238,1669
2021-22,TELANGANA,KARIMNAGAR,103,2991,1956
2021-22,TELANGANA,KHAMMAM,241,5045,4002
2021-22,TELANGANA,MAHBUBNAGAR,76,1810,1233
2021-22,TELANGANA,MEDAK,31,1098,876
2021-22,TELANGANA,NALGONDA,69,1321,963
2021-22,TELANGANA,NIZAMABAD,42,597,405
2021-22,TELANGANA,RANGAREDDI,43,574,365
2021-22,TELANGANA,WARANGAL RURAL,1014,5032,4039
2021-22,TRIPURA,DHALAI,62,5250,5249
2021-22,TRIPURA,GOMATI,87,1312,1285
2021-22,TRIPURA,KHOWAI,56,1500,1424
2021-22,TRIPURA,NORTH TRIPURA,35,1162,1165
2021-22,TRIPURA,SEPAHIJALA,58,736,709
2021-22,TRIPURA,SOUTH TRIPURA,44,799,785
2021-22,TRIPURA,UNAKOTI,92,1282,1288
2021-22,TRIPURA,WEST TRIPURA,57,1973,1901
2021-22,UTTAR PRADESH,AGRA,150,2213,2038
2021-22,UTTAR PRADESH,ALIGARH,139,720,593
2021-22,UTTAR PRADESH,ALLAHABAD,209,943,850
2021-22,UTTAR PRADESH,AMBEDKAR NAGAR,186,2513,1977
2021-22,UTTAR PRADESH,AMETHI,112,1933,1490
2021-22,UTTAR PRADESH,AURAIYA,95,204,123
2021-22,UTTAR PRADESH,Ayodhya ( Faizabad),155,745,566
2021-22,UTTAR PRADESH,AZAMGARH,252,496,447
2021-22,UTTAR PRADESH,BAGHPAT,85,39,31
2021-22,UTTAR PRADESH,BAHRAICH,324,12720,11951
2021-22,UTTAR PRADESH,BALLIA,148,514,441
2021-22,UTTAR PRADESH,BALRAMPUR,271,5571,5733
2021-22,UTTAR PRADESH,BANDA,154,839,747
2021-22,UTTAR PRADESH,BARABANKI,269,2549,2029
2021-22,UTTAR PRADESH,BAREILLY,195,555,450
2021-22,UTTAR PRADESH,BASTI,195,3608,3193
2021-22,UTTAR PRADESH,BHIMNAGAR (SAMBHAL),24,69,56
2021-22,UTTAR PRADESH,BIJNOR,314,734,547
2021-22,UTTAR PRADESH,BUDAUN,158,804,728
2021-22,UTTAR PRADESH,BULANDSHAHR,190,1101,1044
2021-22,UTTAR PRADESH,CHANDAULI,331,5756,5318
2021-22,UTTAR PRADESH,CHITRAKOOT,241,7011,6517
2021-22,UTTAR PRADESH,DEORIA,234,2462,2108
2021-22,UTTAR PRADESH,ETAH,74,397,346
2021-22,UTTAR PRADESH,ETAWAH,84,30,13
2021-22,UTTAR PRADESH,FARRUKHABAD,154,410,295
2021-22,UTTAR PRADESH,FATEHPUR,304,1948,2023
2021-22,UTTAR PRADESH,FIROZABAD,124,194,156
2021-22,UTTAR PRADESH,GAUTAM BUDDHA NAGAR,77,54,53
2021-22,UTTAR PRADESH,GHAZIABAD,41,93,78
2021-22,UTTAR PRADESH,GHAZIPUR,172,135,109
2021-22,UTTAR PRADESH,GONDA,263,3226,2792
2021-22,UTTAR PRADESH,GORAKHPUR,271,704,646
2021-22,UTTAR PRADESH,HAMIRPUR,55,308,285
2021-22,UTTAR PRADESH,HAPUR,62,4,4
2021-22,UTTAR PRADESH,HARDOI,223,1713,1541
2021-22,UTTAR PRADESH,HATHRAS (MAHAMAYA NAGAR),46,31,18
2021-22,UTTAR PRADESH,JALAUN,113,1227,1217
2021-22,UTTAR PRADESH,JAUNPUR,320,2305,2188
2021-22,UTTAR PRADESH,JHANSI,129,6086,5942
2021-22,UTTAR PRADESH,JYOTIBA PHOOLE NAGAR (AMROHA),183,699,499
2021-22,UTTAR PRADESH,KANNAUJ,100,386,299
2021-22,UTTAR PRADESH,KANPUR DEHAT,111,610,532
2021-22,UTTAR PRADESH,KANPUR NAGAR,79,224,185
2021-22,UTTAR PRADESH,KASGANJ,56,36,26
2021-22,UTTAR PRADESH,KAUSHAMBI,81,305,294
2021-22,UTTAR PRADESH,KHERI,282,5908,4492
2021-22,UTTAR PRADESH,KUSHI NAGAR,250,452,425
2021-22,UTTAR PRADESH,LALITPUR,79,530,492
2021-22,UTTAR PRADESH,LUCKNOW,131,487,425
2021-22,UTTAR PRADESH,MAHARAJGANJ,211,6610,5655
2021-22,UTTAR PRADESH,MAHOBA,85,2845,2493
2021-22,UTTAR PRADESH,MAINPURI,150,436,421
2021-22,UTTAR PRADESH,MATHURA,143,425,355
2021-22,UTTAR PRADESH,MAU,112,496,362
2021-22,UTTAR PRADESH,MEERUT,112,174,161
2021-22,UTTAR PRADESH,MIRZAPUR,109,908,830
2021-22,UTTAR PRADESH,MORADABAD,305,2192,1954
2021-22,UTTAR PRADESH,MUZAFFARNAGAR,92,159,129
2021-22,UTTAR PRADESH,PILIBHIT,149,571,437
2021-22,UTTAR PRADESH,PRATAPGARH,240,1933,1638
2021-22,UTTAR PRADESH,RAE BARELI,126,260,250
2021-22,UTTAR PRADESH,RAMPUR,158,881,827
2021-22,UTTAR PRADESH,SAHARANPUR,236,7807,6526
2021-22,UTTAR PRADESH,SANT KABEER NAGAR,144,43,41
2021-22,UTTAR PRADESH,SANT RAVIDAS NAGAR(BHADOHI),127,148,142
2021-22,UTTAR PRADESH,SHAHJAHANPUR,315,4330,4010
2021-22,UTTAR PRADESH,SHAMLI,70,9362,7025
2021-22,UTTAR PRADESH,SHRAVASTI,223,7070,7044
2021-22,UTTAR PRADESH,SIDDHARTH NAGAR,453,8578,7918
2021-22,UTTAR PRADESH,SITAPUR,230,6624,5161
2021-22,UTTAR PRADESH,SONBHADRA,340,11608,11057
2021-22,UTTAR PRADESH,SULTANPUR,162,581,474
2021-22,UTTAR PRADESH,UNNAO,146,637,586
2021-22,UTTAR PRADESH,VARANASI,219,2179,1697
2021-22,UTTARAKHAND,ALMORA,135,178,148
2021-22,UTTARAKHAND,BAGESHWAR,94,193,140
2021-22,UTTARAKHAND,CHAMOLI,170,492,304
2021-22,UTTARAKHAND,CHAMPAWAT,70,231,149
2021-22,UTTARAKHAND,DEHRADUN,99,290,237
2021-22,UTTARAKHAND,HARIDWAR,223,13219,13071
2021-22,UTTARAKHAND,NAINITAL,115,146,120
2021-22,UTTARAKHAND,PAURI GARHWAL,14,59,47
2021-22,UTTARAKHAND,PITHORAGARH,57,261,205
2021-22,UTTARAKHAND,RUDRA PRAYAG,4,132,53
2021-22,UTTARAKHAND,TEHRI GARHWAL,5,157,84
2021-22,UTTARAKHAND,UDHAM SINGH NAGAR,204,5814,5840
2021-22,UTTARAKHAND,UTTARKASHI,5,951,705
2021-22,WEST BENGAL,BANKURA,190,1822,1783
2021-22,WEST BENGAL,BIRBHUM,167,1941,1870
2021-22,WEST BENGAL,COOCHBEHAR,103,3463,3390
2021-22,WEST BENGAL,DARJEELING,34,126,117
2021-22,WEST BENGAL,DINAJPUR DAKSHIN,65,2369,2359
2021-22,WEST BENGAL,EAST MEDINIPUR,145,281,277
2021-22,WEST BENGAL,HOOGHLY,95,81,77
2021-22,WEST BENGAL,HOWRAH,55,31,29
2021-22,WEST BENGAL,JALPAIGURI,94,380,375
2021-22,WEST BENGAL,MALDAH,133,4955,4980
2021-22,WEST BENGAL,MURSHIDABAD,232,8235,7950
2021-22,WEST BENGAL,NADIA,140,2209,2186
2021-22,WEST BENGAL,NORTH 24 PARAGANAS,127,157,150
2021-22,WEST BENGAL,PURBA BARDHAMAN,94,278,268
2021-22,WEST BENGAL,PURULIA,77,148,125
2021-22,WEST BENGAL,SOUTH 24 PARAGANAS,159,245,229
2021-22,WEST BENGAL,UTTAR DINAJPUR,70,186,171
2021-22,WEST BENGAL,WEST MEDINIPUR,146,148,144
2021-22,Total (36 States/UTs),Total (669 Districts),75000,1036527,947684
2022-23,Andaman And Nicobar,Nicobar,1,283,270
2022-23,Andaman And Nicobar,North And Middle Andaman,15,1123,969
2022-23,Andaman And Nicobar,South Andaman,13,370,352
2022-23,Andhra Pradesh,Alluri Sitharama Raju,1,39,39
2022-23,Andhra Pradesh,Anakapalli,1,704,702
2022-23,Andhra Pradesh,Anantapur,253,5298,6006
2022-23,Andhra Pradesh,Annamayya,1,122,120
2022-23,Andhra Pradesh,Bapatla,1,306,297
2022-23,Andhra Pradesh,Chittoor,220,682,821
2022-23,Andhra Pradesh,East Godavari,394,528,629
2022-23,Andhra Pradesh,Eluru,1,12,12
2022-23,Andhra Pradesh,Guntur,216,5175,5047
2022-23,Andhra Pradesh,Kakinada,1,9,9
2022-23,Andhra Pradesh,Konaseema,1,9,9
2022-23,Andhra Pradesh,Krishna,125,926,939
2022-23,Andhra Pradesh,Kurnool,120,3130,3135
2022-23,Andhra Pradesh,Nandyal,1,26,26
2022-23,Andhra Pradesh,NTR,1,104,103
2022-23,Andhra Pradesh,Palnadu,1,268,268
2022-23,Andhra Pradesh,Parvathipuram Manyam,1,3,3
2022-23,Andhra Pradesh,Prakasam,102,1812,1785
2022-23,Andhra Pradesh,Spsr Nellore,78,769,742
2022-23,Andhra Pradesh,Sri Sathya Sai,1,50,50
2022-23,Andhra Pradesh,Srikakulam,64,172,175
2022-23,Andhra Pradesh,Tirupati,1,17,16
2022-23,Andhra Pradesh,Visakhapatnam,250,1891,1910
2022-23,Andhra Pradesh,Vizianagaram,243,4426,4441
2022-23,Andhra Pradesh,West Godavari,67,167,163
2022-23,Andhra Pradesh,Y.S.R.,234,2129,2135
2022-23,Arunachal Pradesh,Anjaw,1,234,234
2022-23,Arunachal Pradesh,Changlang,13,679,720
2022-23,Arunachal Pradesh,Dibang Valley,2,361,336
2022-23,Arunachal Pradesh,East Kameng,1,433,433
2022-23,Arunachal Pradesh,East Siang,2,331,299
2022-23,Arunachal Pradesh,Kamle,1,0,0
2022-23,Arunachal Pradesh,Kra Daadi,1,0,0
2022-23,Arunachal Pradesh,Kurung Kumey,4,51,47
2022-23,Arunachal Pradesh,Leparada,1,0,0
2022-23,Arunachal Pradesh,Lohit,9,35,36
2022-23,Arunachal Pradesh,Longding,1,0,0
2022-23,Arunachal Pradesh,Lower Dibang Valley,1,9,9
2022-23,Arunachal Pradesh,Lower Siang,1,0,0
2022-23,Arunachal Pradesh,Lower Subansiri,9,16,14
2022-23,Arunachal Pradesh,Namsai,1,0,0
2022-23,Arunachal Pradesh,Pakke Kessang,1,0,0
2022-23,Arunachal Pradesh,Papum Pare,8,16,11
2022-23,Arunachal Pradesh,Shi Yomi,1,0,0
2022-23,Arunachal Pradesh,Siang,1,0,0
2022-23,Arunachal Pradesh,Tawang,3,79,84
2022-23,Arunachal Pradesh,Tirap,3,17,20
2022-23,Arunachal Pradesh,Upper Siang,2,100,87
2022-23,Arunachal Pradesh,Upper Subansiri,2,43,35
2022-23,Arunachal Pradesh,West Kameng,4,44,24
2022-23,Arunachal Pradesh,West Siang,5,20,10
2022-23,Assam,BAJALI,4,37,37
2022-23,Assam,Baksa,88,763,910
2022-23,Assam,Barpeta,131,936,1015
2022-23,Assam,Biswanath,13,560,514
2022-23,Assam,Bongaigaon,63,720,749
2022-23,Assam,Cachar,130,1035,1049
2022-23,Assam,Charaideo,20,785,834
2022-23,Assam,Chirang,77,245,275
2022-23,Assam,Darrang,131,3894,4039
2022-23,Assam,Dhemaji,90,396,478
2022-23,Assam,Dhubri,266,3851,4097
2022-23,Assam,Dibrugarh,78,742,767
2022-23,Assam,Dima Hasao,12,75,95
2022-23,Assam,Goalpara,138,3722,3829
2022-23,Assam,Golaghat,99,149,163
2022-23,Assam,Hailakandi,78,1440,1515
2022-23,Assam,Hojai,36,1472,1399
2022-23,Assam,Jorhat,90,612,636
2022-23,Assam,Kamrup,137,4899,5014
2022-23,Assam,Kamrup Metro,35,81,91
2022-23,Assam,Karbi Anglong,47,208,267
2022-23,Assam,Karimganj,102,45,50
2022-23,Assam,Kokrajhar,190,2137,2291
2022-23,Assam,Lakhimpur,81,443,452
2022-23,Assam,Majuli,18,36,40
2022-23,Assam,Morigaon,131,437,458
2022-23,Assam,Nagaon,185,290,461
2022-23,Assam,Nalbari,85,583,655
2022-23,Assam,Sivasagar,109,556,607
2022-23,Assam,Sonitpur,113,593,644
2022-23,Assam,South Salmara Mankachar,20,965,1034
2022-23,Assam,Tinsukia,69,90,96
2022-23,Assam,Udalguri,134,482,505
2022-23,Assam,West Karbi Anglong,2,46,67
2022-23,Bihar,Araria,235,4095,4595
2022-23,Bihar,Arwal,46,1049,1213
2022-23,Bihar,Aurangabad (Bihar),249,2046,2852
2022-23,Bihar,Banka,196,1806,1871
2022-23,Bihar,Begusarai,209,1501,1661
2022-23,Bihar,Bhagalpur,138,960,997
2022-23,Bihar,Bhojpur,102,1090,1087
2022-23,Bihar,Buxar,63,316,324
2022-23,Bihar,Darbhanga,297,1191,1204
2022-23,Bihar,Gaya,253,1183,1264
2022-23,Bihar,Gopalganj,194,1656,1654
2022-23,Bihar,Jamui,149,1718,1776
2022-23,Bihar,Jehanabad,36,199,209
2022-23,Bihar,Kaimur (Bhabua),111,386,407
2022-23,Bihar,Katihar,244,10891,11167
2022-23,Bihar,Khagaria,163,17247,19611
2022-23,Bihar,Kishanganj,96,1062,1055
2022-23,Bihar,Lakhisarai,48,554,629
2022-23,Bihar,Madhepura,113,1418,1287
2022-23,Bihar,Madhubani,311,610,624
2022-23,Bihar,Munger,78,572,587
2022-23,Bihar,Muzaffarpur,359,6965,7351
2022-23,Bihar,Nalanda,127,518,514
2022-23,Bihar,Nawada,140,795,839
2022-23,Bihar,Pashchim Champaran,171,1363,1379
2022-23,Bihar,Patna,150,1116,1094
2022-23,Bihar,Purbi Champaran,190,704,701
2022-23,Bihar,Purnia,295,7352,9624
2022-23,Bihar,Rohtas,99,1086,1030
2022-23,Bihar,Saharsa,81,547,543
2022-23,Bihar,Samastipur,226,1096,1099
2022-23,Bihar,Saran,177,556,556
2022-23,Bihar,Sheikhpura,62,300,307
2022-23,Bihar,Sheohar,40,229,229
2022-23,Bihar,Sitamarhi,302,3711,3963
2022-23,Bihar,Siwan,183,586,605
2022-23,Bihar,Supaul,107,533,510
2022-23,Bihar,Vaishali,109,567,561
2022-23,Chandigarh,Chandigarh,17,3568,3997
2022-23,Chhattisgarh,Balod,288,757,886
2022-23,Chhattisgarh,Baloda Bazar,364,92,124
2022-23,Chhattisgarh,Balrampur ( Chhattisgarh),248,931,1168
2022-23,Chhattisgarh,Bastar,286,113,118
2022-23,Chhattisgarh,Bemetara,170,170,192
2022-23,Chhattisgarh,Bijapur,159,323,324
2022-23,Chhattisgarh,Bilaspur (Chhattisgarh),246,524,529
2022-23,Chhattisgarh,Dantewada,103,116,126
2022-23,Chhattisgarh,Dhamtari,111,234,297
2022-23,Chhattisgarh,Durg,167,668,1413
2022-23,Chhattisgarh,Gariyaband,87,656,706
2022-23,Chhattisgarh,Gaurella Pendra Marwahi,1,0,0
2022-23,Chhattisgarh,Janjgir-Champa,295,3493,4014
2022-23,Chhattisgarh,Jashpur,130,90,83
2022-23,Chhattisgarh,Kabirdham (Kawardha),298,609,766
2022-23,Chhattisgarh,Kanker,262,571,615
2022-23,Chhattisgarh,Kondagaon,119,264,305
2022-23,Chhattisgarh,Korba,267,12728,13343
2022-23,Chhattisgarh,Korea,201,57,64
2022-23,Chhattisgarh,Mahasamund,450,7257,7668
2022-23,Chhattisgarh,Mungeli,116,629,708
2022-23,Chhattisgarh,Narayanpur,41,103,135
2022-23,Chhattisgarh,Raigarh (Chhattisgarh),131,136,178
2022-23,Chhattisgarh,Raipur,167,3108,2945
2022-23,Chhattisgarh,Rajnandgaon,472,9604,11026
2022-23,Chhattisgarh,Sukma,45,184,196
2022-23,Chhattisgarh,Surajpur,45,90,105
2022-23,Chhattisgarh,Surguja,58,4888,5141
2022-23,Dadra And Nagar Haveli & Daman & Diu,Dadra And Nagar Haveli,8,411,412
2022-23,Dadra And Nagar Haveli & Daman & Diu,Daman,5,18,18
2022-23,Dadra And Nagar Haveli & Daman & Diu,Diu,2,2,2
2022-23,Delhi,Central,1,192,197
2022-23,Delhi,East,1,264,257
2022-23,Delhi,New Delhi,1,245,241
2022-23,Delhi,North,1,292,311
2022-23,Delhi,North East,1,684,691
2022-23,Delhi,North West,1,426,462
2022-23,Delhi,Shahdara,1,116,129
2022-23,Delhi,South,1,113,116
2022-23,Delhi,South East,1,72,78
2022-23,Delhi,South West,1,85,87
2022-23,Delhi,West,1,47,46
2022-23,Goa,North Goa,23,131,137
2022-23,Goa,South Goa,15,132,135
2022-23,Gujarat,Ahmadabad,304,1065,1094
2022-23,Gujarat,Amreli,327,1506,1529
2022-23,Gujarat,Anand,236,567,588
2022-23,Gujarat,Arvalli,220,467,454
2022-23,Gujarat,Banas Kantha,356,4113,4118
2022-23,Gujarat,Bharuch,357,298,314
2022-23,Gujarat,Bhavnagar,281,1637,1777
2022-23,Gujarat,Botad,61,1310,1198
2022-23,Gujarat,Chhotaudepur,32,49,49
2022-23,Gujarat,Dang,17,715,694
2022-23,Gujarat,Devbhumi Dwarka,67,198,212
2022-23,Gujarat,Dohad,332,3792,6526
2022-23,Gujarat,Gandhinagar,53,4657,4405
2022-23,Gujarat,Gir Somnath,64,5641,5732
2022-23,Gujarat,Jamnagar,82,2018,2745
2022-23,Gujarat,Junagadh,60,8339,8338
2022-23,Gujarat,Kachchh,63,83,83
2022-23,Gujarat,Kheda,109,1147,1345
2022-23,Gujarat,Mahesana,76,3589,3550
2022-23,Gujarat,Mahisagar,72,180,173
2022-23,Gujarat,Morbi,33,23,24
2022-23,Gujarat,Narmada,121,1148,1235
2022-23,Gujarat,Navsari,55,13167,12769
2022-23,Gujarat,Panch Mahals,109,578,611
2022-23,Gujarat,Patan,65,713,706
2022-23,Gujarat,Porbandar,39,353,371
2022-23,Gujarat,Rajkot,97,3698,4221
2022-23,Gujarat,Sabar Kantha,163,913,965
2022-23,Gujarat,Surat,132,220,242
2022-23,Gujarat,Surendranagar,95,3148,3278
2022-23,Gujarat,Tapi,52,1257,3218
2022-23,Gujarat,Vadodara,94,5914,5986
2022-23,Gujarat,Valsad,76,968,921
2022-23,Haryana,Ambala,217,2179,2196
2022-23,Haryana,Bhiwani,259,4406,4489
2022-23,Haryana,Charki Dadri,1,0,0
2022-23,Haryana,Faridabad,83,1497,1510
2022-23,Haryana,Fatehabad,165,848,883
2022-23,Haryana,Gurugram (Gurgaon),108,353,420
2022-23,Haryana,Hisar,143,411,438
2022-23,Haryana,Jhajjar,233,779,889
2022-23,Haryana,Jind,183,597,618
2022-23,Haryana,Kaithal,170,978,994
2022-23,Haryana,Karnal,218,301,320
2022-23,Haryana,Kurukshetra,218,2919,2885
2022-23,Haryana,Mahendragarh,151,339,338
2022-23,Haryana,Mewat (Nuh),295,12790,13967
2022-23,Haryana,Palwal,152,947,966
2022-23,Haryana,Panchkula,107,190,222
2022-23,Haryana,Panipat,113,969,994
2022-23,Haryana,Rewari,183,1684,1734
2022-23,Haryana,Rohtak,107,2108,2063
2022-23,Haryana,Sirsa,236,1849,1941
2022-23,Haryana,Sonipat,169,242,251
2022-23,Haryana,Yamunanagar,274,875,890
2022-23,Himachal Pradesh,Bilaspur (H.P.),111,1858,1934
2022-23,Himachal Pradesh,Chamba,225,2576,2740
2022-23,Himachal Pradesh,Hamirpur (H.P.),157,2173,2283
2022-23,Himachal Pradesh,Kangra,365,3641,3724
2022-23,Himachal Pradesh,Kinnaur,46,476,472
2022-23,Himachal Pradesh,Kullu,188,2381,2535
2022-23,Himachal Pradesh,Lahul And Spiti,3,61,63
2022-23,Himachal Pradesh,Mandi,295,1681,1764
2022-23,Himachal Pradesh,Shimla,357,769,802
2022-23,Himachal Pradesh,Sirmaur,177,1620,1682
2022-23,Himachal Pradesh,Solan,134,1441,1454
2022-23,Himachal Pradesh,Una,154,2084,2209
2022-23,Jammu And Kashmir,Anantnag,196,2974,3106
2022-23,Jammu And Kashmir,Bandipora,74,3553,3661
2022-23,Jammu And Kashmir,Baramulla,229,9819,10160
2022-23,Jammu And Kashmir,Budgam,201,12585,13129
2022-23,Jammu And Kashmir,Doda,81,1407,1416
2022-23,Jammu And Kashmir,Ganderbal,94,4530,4667
2022-23,Jammu And Kashmir,Jammu,104,1514,1556
2022-23,Jammu And Kashmir,Kathua,137,2863,3028
2022-23,Jammu And Kashmir,Kishtwar,32,277,305
2022-23,Jammu And Kashmir,Kulgam,145,5566,5837
2022-23,Jammu And Kashmir,Kupwara,239,7862,8350
2022-23,Jammu And Kashmir,Poonch,99,2603,2651
2022-23,Jammu And Kashmir,Pulwama,97,3773,4730
2022-23,Jammu And Kashmir,Rajouri,106,920,959
2022-23,Jammu And Kashmir,Ramban,66,645,656
2022-23,Jammu And Kashmir,Reasi,73,389,412
2022-23,Jammu And Kashmir,Samba,60,671,680
2022-23,Jammu And Kashmir,Shopian,54,633,648
2022-23,Jammu And Kashmir,Srinagar,34,676,689
2022-23,Jammu And Kashmir,Udhampur,142,383,391
2022-23,Jharkhand,Bokaro,273,4472,4515
2022-23,Jharkhand,Chatra,143,2533,2566
2022-23,Jharkhand,Deoghar,197,912,906
2022-23,Jharkhand,Dhanbad,374,1419,1408
2022-23,Jharkhand,Dumka,200,1090,1238
2022-23,Jharkhand,East Singhbhum,213,8036,8168
2022-23,Jharkhand,Garhwa,143,2358,2443
2022-23,Jharkhand,Giridih,303,17722,18192
2022-23,Jharkhand,Godda,176,14384,17326
2022-23,Jharkhand,Gumla,119,793,968
2022-23,Jharkhand,Hazaribagh,190,2250,2349
2022-23,Jharkhand,Jamtara,36,541,524
2022-23,Jharkhand,Khunti,53,1112,1161
2022-23,Jharkhand,Koderma,70,1951,1957
2022-23,Jharkhand,Latehar,95,787,870
2022-23,Jharkhand,Lohardaga,61,1548,1836
2022-23,Jharkhand,Pakur,114,3773,3834
2022-23,Jharkhand,Palamu,370,1025,1072
2022-23,Jharkhand,Ramgarh,94,697,730
2022-23,Jharkhand,Ranchi,213,7780,7840
2022-23,Jharkhand,Sahibganj,121,3218,3324
2022-23,Jharkhand,Saraikela Kharsawan,67,595,623
2022-23,Jharkhand,Simdega,57,1064,1252
2022-23,Jharkhand,West Singhbhum,111,277,320
2022-23,Karnataka,Bagalkot,174,1184,1147
2022-23,Karnataka,Belagavi (Belgaum),493,1760,2136
2022-23,Karnataka,Bellary,190,1747,1718
2022-23,Karnataka,Bengaluru Rural,141,562,586
2022-23,Karnataka,Bengaluru Urban,16,472,486
2022-23,Karnataka,Bidar,77,668,702
2022-23,Karnataka,Bijapur ( Vijayapura),54,25,28
2022-23,Karnataka,Chamarajanagar,43,1433,1486
2022-23,Karnataka,Chik Ballapur,26,63,63
2022-23,Karnataka,Chikmagalur,33,556,507
2022-23,Karnataka,Chitradurga,63,69,69
2022-23,Karnataka,Dakshin Kannad,64,141,135
2022-23,Karnataka,Davangere,74,1071,1106
2022-23,Karnataka,Dharwad,56,913,849
2022-23,Karnataka,Gadag,57,165,179
2022-23,Karnataka,Hassan,77,970,893
2022-23,Karnataka,Haveri,77,381,469
2022-23,Karnataka,Kalaburagi (Gulbarga),60,1843,1858
2022-23,Karnataka,Kodagu,14,257,296
2022-23,Karnataka,Kolar,30,27,25
2022-23,Karnataka,Koppal,78,1360,1393
2022-23,Karnataka,Mandya,51,381,323
2022-23,Karnataka,Mysuru (Mysore),61,484,557
2022-23,Karnataka,Raichur,153,2074,2367
2022-23,Karnataka,Ramanagara,40,137,112
2022-23,Karnataka,Shimoga,93,187,155
2022-23,Karnataka,Tumkur,61,245,230
2022-23,Karnataka,Udupi,41,276,264
2022-23,Karnataka,Uttara Kannada,24,120,75
2022-23,Karnataka,VIJAYANAGAR,1,0,0
2022-23,Karnataka,Yadgir,98,5733,6089
2022-23,Kerala,Alappuzha,60,335,313
2022-23,Kerala,Ernakulam,65,360,356
2022-23,Kerala,Idukki,46,410,419
2022-23,Kerala,Kannur,57,264,242
2022-23,Kerala,Kasargod,31,160,149
2022-23,Kerala,Kollam,68,127,133
2022-23,Kerala,Kottayam,59,108,113
2022-23,Kerala,Kozhikode,69,337,342
2022-23,Kerala,Malappuram,89,265,267
2022-23,Kerala,Palakkad,89,220,220
2022-23,Kerala,Pathanamthitta,42,103,98
2022-23,Kerala,Thiruvananthapuram,71,369,376
2022-23,Kerala,Thrissur,86,932,986
2022-23,Kerala,Wayanad,28,1048,1102
2022-23,Ladakh,Kargil,24,229,243
2022-23,Ladakh,Leh Ladakh,13,52,50
2022-23,Lakshadweep,Lakshadweep District,2,1724,1544
2022-23,Madhya Pradesh,Agar Malwa,1,1786,1710
2022-23,Madhya Pradesh,Alirajpur,290,3164,2978
2022-23,Madhya Pradesh,Anuppur,282,3186,3151
2022-23,Madhya Pradesh,Ashoknagar,345,1494,1461
2022-23,Madhya Pradesh,Balaghat,690,549,546
2022-23,Madhya Pradesh,Barwani,387,866,850
2022-23,Madhya Pradesh,Betul,551,526,503
2022-23,Madhya Pradesh,Bhind,446,318,306
2022-23,Madhya Pradesh,Bhopal,197,1883,1882
2022-23,Madhya Pradesh,Burhanpur,167,33,32
2022-23,Madhya Pradesh,Chhatarpur,520,22484,22642
2022-23,Madhya Pradesh,Chhindwara,806,1099,1064
2022-23,Madhya Pradesh,Damoh,467,14339,14284
2022-23,Madhya Pradesh,Datia,147,5302,5516
2022-23,Madhya Pradesh,Dewas,112,554,573
2022-23,Madhya Pradesh,Dhar,73,552,564
2022-23,Madhya Pradesh,Dindori,86,1898,1942
2022-23,Madhya Pradesh,Guna,318,14330,14244
2022-23,Madhya Pradesh,Gwalior,113,691,698
2022-23,Madhya Pradesh,Harda,70,1696,1699
2022-23,Madhya Pradesh,Hoshangabad,114,1148,1140
2022-23,Madhya Pradesh,Indore,68,60,71
2022-23,Madhya Pradesh,Jabalpur,127,2838,2816
2022-23,Madhya Pradesh,Jhabua,120,307,309
2022-23,Madhya Pradesh,Katni,192,1383,1390
2022-23,Madhya Pradesh,Khandwa (East Nimar),349,3070,3114
2022-23,Madhya Pradesh,Khargone,212,3677,3627
2022-23,Madhya Pradesh,Mandla,133,184,153
2022-23,Madhya Pradesh,Mandsaur,134,1571,1552
2022-23,Madhya Pradesh,Morena,195,183,182
2022-23,Madhya Pradesh,Narsinghpur,143,150,131
2022-23,Madhya Pradesh,Neemuch,105,97,77
2022-23,Madhya Pradesh,Niwari,1,18,18
2022-23,Madhya Pradesh,Panna,146,7235,7056
2022-23,Madhya Pradesh,Raisen,156,2270,2254
2022-23,Madhya Pradesh,Rajgarh,365,8114,7908
2022-23,Madhya Pradesh,Ratlam,168,377,388
2022-23,Madhya Pradesh,Rewa,338,6566,6530
2022-23,Madhya Pradesh,Sagar,169,1471,1449
2022-23,Madhya Pradesh,Satna,176,3188,3172
2022-23,Madhya Pradesh,Sehore,136,2292,2285
2022-23,Madhya Pradesh,Seoni,134,1831,1678
2022-23,Madhya Pradesh,Shahdol,97,1059,1020
2022-23,Madhya Pradesh,Shajapur,91,21,21
2022-23,Madhya Pradesh,Sheopur,76,298,330
2022-23,Madhya Pradesh,Shivpuri,269,1974,2022
2022-23,Madhya Pradesh,Sidhi,144,2410,2291
2022-23,Madhya Pradesh,Singrauli,341,16961,17171
2022-23,Madhya Pradesh,Tikamgarh,236,3795,3706
2022-23,Madhya Pradesh,Ujjain,188,165,165
2022-23,Madhya Pradesh,Umaria,57,926,915
2022-23,Madhya Pradesh,Vidisha,375,10127,10208
2022-23,Maharashtra,Ahemadnagar,1312,4079,4186
2022-23,Maharashtra,Akola,523,2723,2869
2022-23,Maharashtra,Amravati,853,2739,2824
2022-23,Maharashtra,Aurangabad (Maharashtra),815,2542,2496
2022-23,Maharashtra,Beed,386,1804,1872
2022-23,Maharashtra,Bhandara,216,5343,5280
2022-23,Maharashtra,Buldana,135,1096,1080
2022-23,Maharashtra,Chandrapur,90,1024,1012
2022-23,Maharashtra,Dhule,80,5188,5128
2022-23,Maharashtra,Gadchiroli,438,5404,5365
2022-23,Maharashtra,Gondia,107,2634,2557
2022-23,Maharashtra,Hingoli,98,905,875
2022-23,Maharashtra,Jalgaon,144,1061,1045
2022-23,Maharashtra,Jalna,118,3410,3445
2022-23,Maharashtra,Kolhapur,203,4252,4087
2022-23,Maharashtra,Latur,141,361,362
2022-23,Maharashtra,Mumbai,1,0,0
2022-23,Maharashtra,Mumbai Suburban,1,12,11
2022-23,Maharashtra,Nagpur,171,389,395
2022-23,Maharashtra,Nanded,160,2100,2071
2022-23,Maharashtra,Nandurbar,298,8869,8906
2022-23,Maharashtra,Nashik,150,22117,22359
2022-23,Maharashtra,Osmanabad,414,11255,11253
2022-23,Maharashtra,Palghar,1,0,0
2022-23,Maharashtra,Parbhani,214,10300,10115
2022-23,Maharashtra,Pune,134,1813,1807
2022-23,Maharashtra,Raigad,100,1217,1166
2022-23,Maharashtra,Ratnagiri,64,231,227
2022-23,Maharashtra,Sangli,100,1739,1722
2022-23,Maharashtra,Satara,72,667,671
2022-23,Maharashtra,Sindhudurg,72,360,359
2022-23,Maharashtra,Solapur,108,612,598
2022-23,Maharashtra,Thane,249,2512,2540
2022-23,Maharashtra,Wardha,67,4754,4789
2022-23,Maharashtra,Washim,334,13010,12983
2022-23,Maharashtra,Yavatmal,224,707,717
2022-23,Manipur,Bishnupur,22,12,13
2022-23,Manipur,Chandel,18,21,19
2022-23,Manipur,Churachandpur,25,3,3
2022-23,Manipur,Imphal East,22,15,15
2022-23,Manipur,Imphal West,15,17,19
2022-23,Manipur,Jiribam,1,0,0
2022-23,Manipur,Kakching,1,0,0
2022-23,Manipur,Kamjong,1,0,0
2022-23,Manipur,Kangpokpi,1,0,0
2022-23,Manipur,Noney,1,0,0
2022-23,Manipur,Pherzawl,1,0,0
2022-23,Manipur,Senapati,14,3,3
2022-23,Manipur,Tamenglong,29,7,8
2022-23,Manipur,Tengnoupal,1,0,0
2022-23,Manipur,Thoubal,24,3,5
2022-23,Manipur,Ukhrul,44,2,2
2022-23,Meghalaya,East Garo Hills,32,48,50
2022-23,Meghalaya,East Jaintia Hills,27,428,441
2022-23,Meghalaya,East Khasi Hills,82,489,528
2022-23,Meghalaya,Eastern West Khasi Hills,1,0,0
2022-23,Meghalaya,North Garo Hills,39,967,1072
2022-23,Meghalaya,Ri Bhoi,64,548,557
2022-23,Meghalaya,South Garo Hills,48,316,330
2022-23,Meghalaya,South West Garo Hills,37,674,740
2022-23,Meghalaya,South West Khasi Hills,1,24,38
2022-23,Meghalaya,West Garo Hills,48,277,297
2022-23,Meghalaya,West Jaintia Hills,59,486,480
2022-23,Meghalaya,West Khasi Hills,65,485,539
2022-23,Mizoram,Aizawl,44,116,115
2022-23,Mizoram,Champhai,9,104,104
2022-23,Mizoram,Hnahthial,1,0,0
2022-23,Mizoram,Khawzawl,1,0,0
2022-23,Mizoram,Kolasib,27,70,72
2022-23,Mizoram,Lawngtlai,45,0,1
2022-23,Mizoram,Lunglei,22,179,163
2022-23,Mizoram,Mamit,29,36,28
2022-23,Mizoram,Saiha,3,5,5
2022-23,Mizoram,Saitual,1,0,0
2022-23,Mizoram,Serchhip,20,18,17
2022-23,Nagaland,Dimapur,20,594,634
2022-23,Nagaland,Kiphire,15,744,759
2022-23,Nagaland,Kohima,12,7,13
2022-23,Nagaland,Longleng,8,57,55
2022-23,Nagaland,Mokokchung,8,11,11
2022-23,Nagaland,Mon,33,525,502
2022-23,Nagaland,Noklak,1,0,0
2022-23,Nagaland,Peren,18,179,180
2022-23,Nagaland,Phek,3,8,8
2022-23,Nagaland,Tuensang,14,294,310
2022-23,Nagaland,Wokha,16,0,1
2022-23,Nagaland,Zunheboto,9,54,54
2022-23,Odisha,Anugul,201,940,943
2022-23,Odisha,Balangir,282,4292,4369
2022-23,Odisha,Baleshwar,170,1485,1561
2022-23,Odisha,Bargarh,94,696,706
2022-23,Odisha,Baudh,52,614,615
2022-23,Odisha,Bhadrak,115,2918,2904
2022-23,Odisha,Cuttack,182,3997,4073
2022-23,Odisha,Debagarh,37,399,390
2022-23,Odisha,Dhenkanal,196,3928,3957
2022-23,Odisha,Gajapati,99,851,865
2022-23,Odisha,Ganjam,123,680,779
2022-23,Odisha,Jagatsinghapur,65,490,504
2022-23,Odisha,Jajapur,104,979,1029
2022-23,Odisha,Jharsuguda,56,517,545
2022-23,Odisha,Kalahandi,253,7284,7294
2022-23,Odisha,Kandhamal,126,2619,2744
2022-23,Odisha,Kendrapara,126,1426,1533
2022-23,Odisha,Kendujhar,87,2300,2353
2022-23,Odisha,Khordha,78,487,534
2022-23,Odisha,Koraput,154,759,793
2022-23,Odisha,Malkangiri,97,4880,4873
2022-23,Odisha,Mayurbhanj,107,2483,2530
2022-23,Odisha,Nabarangpur,152,1032,1046
2022-23,Odisha,Nayagarh,144,834,897
2022-23,Odisha,Nuapada,87,3039,3049
2022-23,Odisha,Puri,120,1252,1277
2022-23,Odisha,Rayagada,109,634,677
2022-23,Odisha,Sambalpur,85,1503,1544
2022-23,Odisha,Sonepur,79,2684,2694
2022-23,Odisha,Sundargarh,73,420,477
2022-23,Puducherry,Karaikal,18,401,393
2022-23,Puducherry,Mahe,1,43,43
2022-23,Puducherry,Puducherry,38,1111,1497
2022-23,Puducherry,Yanam,1,28,28
2022-23,Punjab,Amritsar,426,358,500
2022-23,Punjab,Bathinda,70,1188,1179
2022-23,Punjab,Burnala,49,344,355
2022-23,Punjab,Faridkot,62,3574,3569
2022-23,Punjab,Fatehgarh Sahib,60,2316,2332
2022-23,Punjab,Fazilka,123,7117,7188
2022-23,Punjab,Firozepur,797,39156,40216
2022-23,Punjab,Gurdaspur,96,1802,1840
2022-23,Punjab,Hoshiarpur,113,45,51
2022-23,Punjab,Jalandhar,86,2903,2881
2022-23,Punjab,Kapurthala,45,4179,4161
2022-23,Punjab,Ludhiana,99,1503,1653
2022-23,Punjab,Malerkotla,1,0,0
2022-23,Punjab,Mansa,75,841,844
2022-23,Punjab,Moga,348,2197,2315
2022-23,Punjab,Mohali (S.A.S Nagar),61,743,743
2022-23,Punjab,Muktsar (Sri Muktasar Sahib),54,257,260
2022-23,Punjab,Pathankot,46,319,323
2022-23,Punjab,Patiala,124,491,489
2022-23,Punjab,Rupnagar,88,260,286
2022-23,Punjab,Sangrur,79,1481,1437
2022-23,Punjab,Shaheed Bhagat Singh Nagar,67,1502,1487
2022-23,Punjab,Tarn Taran,70,519,538
2022-23,Rajasthan,Ajmer,66,1454,1437
2022-23,Rajasthan,Alwar,351,2567,2566
2022-23,Rajasthan,Banswara,40,1670,1728
2022-23,Rajasthan,Baran,204,5757,5911
2022-23,Rajasthan,Barmer,82,3365,3324
2022-23,Rajasthan,Bharatpur,75,5049,4864
2022-23,Rajasthan,Bhilwara,95,1228,1307
2022-23,Rajasthan,Bikaner,58,7657,7517
2022-23,Rajasthan,Bundi,32,3000,2830
2022-23,Rajasthan,Chittaurgarh,38,594,601
2022-23,Rajasthan,Churu,49,1018,1003
2022-23,Rajasthan,Dausa,54,1474,1474
2022-23,Rajasthan,Dholpur,123,932,928
2022-23,Rajasthan,Dungarpur,83,4555,4461
2022-23,Rajasthan,Ganganagar,87,2512,2480
2022-23,Rajasthan,Hanumangarh,164,3807,3720
2022-23,Rajasthan,Jaipur,116,2642,2563
2022-23,Rajasthan,Jaisalmer,106,846,868
2022-23,Rajasthan,Jalore,70,5451,5547
2022-23,Rajasthan,Jhalawar,64,8406,8395
2022-23,Rajasthan,Jhunjhunu,56,1536,1436
2022-23,Rajasthan,Jodhpur,100,3680,3613
2022-23,Rajasthan,Karauli,165,9026,8697
2022-23,Rajasthan,Kota,65,5445,5554
2022-23,Rajasthan,Nagaur,92,6620,6589
2022-23,Rajasthan,Pali,230,5477,5362
2022-23,Rajasthan,Pratapgarh (Raj.),26,488,549
2022-23,Rajasthan,Rajsamand,76,1391,1344
2022-23,Rajasthan,Sawai Madhopur,37,2276,2246
2022-23,Rajasthan,Sikar,94,1827,1800
2022-23,Rajasthan,Sirohi,94,1830,1851
2022-23,Rajasthan,Tonk,50,799,782
2022-23,Rajasthan,Udaipur,119,2373,2450
2022-23,Sikkim,East District (Gangtok),22,125,123
2022-23,Sikkim,North District (Mangan),2,62,61
2022-23,Sikkim,Pakyong,1,0,0
2022-23,Sikkim,Soreng,1,0,0
2022-23,Sikkim,South District (Namchi),15,38,42
2022-23,Sikkim,West District (Geyzing),21,83,80
2022-23,Tamil Nadu,Ariyalur,205,741,731
2022-23,Tamil Nadu,Chengalpattu,1,402,400
2022-23,Tamil Nadu,Chennai,2,21,19
2022-23,Tamil Nadu,Coimbatore,421,1125,1123
2022-23,Tamil Nadu,Cuddalore,682,262,253
2022-23,Tamil Nadu,Dharmapuri,252,249,242
2022-23,Tamil Nadu,Dindigul,306,336,331
2022-23,Tamil Nadu,Erode,230,957,958
2022-23,Tamil Nadu,Kallakurichi,1,18,16
2022-23,Tamil Nadu,Kancheepuram,673,610,592
2022-23,Tamil Nadu,Kanya kumari,100,179,179
2022-23,Tamil Nadu,Karur,158,1047,1041
2022-23,Tamil Nadu,Krishnagiri,334,495,489
2022-23,Tamil Nadu,Madurai,437,1326,1357
2022-23,Tamil Nadu,Mayiladuthurai,1,56,56
2022-23,Tamil Nadu,Nagapattinam,49,573,557
2022-23,Tamil Nadu,Namakkal,52,607,605
2022-23,Tamil Nadu,Perambalur,22,153,153
2022-23,Tamil Nadu,Pudukkottai,34,654,641
2022-23,Tamil Nadu,Ramanathapuram,124,1833,1803
2022-23,Tamil Nadu,Ranipet,1,21,21
2022-23,Tamil Nadu,Salem,68,1233,1230
2022-23,Tamil Nadu,Sivaganga,416,1536,1509
2022-23,Tamil Nadu,Tenkasi,1,239,239
2022-23,Tamil Nadu,Thanjavur,75,5126,5050
2022-23,Tamil Nadu,The Nilgiris    (Hq: Udhagama,9,113,114
2022-23,Tamil Nadu,Theni,25,197,174
2022-23,Tamil Nadu,Thiruvallur,69,166,161
2022-23,Tamil Nadu,Tiruchirappalli,108,4944,4901
2022-23,Tamil Nadu,Tirunelveli,79,749,733
2022-23,Tamil Nadu,Tirupathur,1,1181,1131
2022-23,Tamil Nadu,Tiruppur,61,411,433
2022-23,Tamil Nadu,Tiruvannamalai,117,1014,998
2022-23,Tamil Nadu,Tiruvarur,66,1035,1021
2022-23,Tamil Nadu,Tuticorin,55,210,210
2022-23,Tamil Nadu,Vellore,133,1151,1149
2022-23,Tamil Nadu,Villupuram,84,201,194
2022-23,Tamil Nadu,Virudhunagar,441,2991,2992
2022-23,Telangana,Adilabad,212,2908,3427
2022-23,Telangana,Bhadradri Kothagudem,1,0,0
2022-23,Telangana,Hanumakonda,1,0,0
2022-23,Telangana,Hyderabad,1,0,0
2022-23,Telangana,Jagtial,1,2,2
2022-23,Telangana,Jangoan,1,0,0
2022-23,Telangana,Jayashankar Bhupalapally,1,0,0
2022-23,Telangana,Jogulamba Gadwal,1,22,21
2022-23,Telangana,Kamareddy,1,0,0
2022-23,Telangana,Karimnagar,163,5334,6260
2022-23,Telangana,Khammam,253,10104,10782
2022-23,Telangana,Kumuram Bheem Asifabad,1,0,0
2022-23,Telangana,Mahabubabad,1,0,0
2022-23,Telangana,Mahbubnagar,96,1915,2408
2022-23,Telangana,MANCHERIAL,1,0,0
2022-23,Telangana,Medak,56,1159,1373
2022-23,Telangana,Medchal Malkajgiri,1,0,0
2022-23,Telangana,Mulugu,1,0,0
2022-23,Telangana,Nagarkurnool,1,0,0
2022-23,Telangana,Nalgonda,78,1024,1341
2022-23,Telangana,Narayanpet,1,0,0
2022-23,Telangana,Nirmal,1,6,2
2022-23,Telangana,Nizamabad,54,658,843
2022-23,Telangana,Peddapalli,1,0,0
2022-23,Telangana,Rajanna Sircilla,1,0,0
2022-23,Telangana,Rangareddi,58,416,574
2022-23,Telangana,Sangareddy,1,0,0
2022-23,Telangana,Siddipet,1,0,0
2022-23,Telangana,Suryapet,1,0,0
2022-23,Telangana,Vikarabad,1,0,0
2022-23,Telangana,Wanaparthy,1,0,0
2022-23,Telangana,Warangal Rural,866,4654,5464
2022-23,Telangana,Yadadri Bhuvanagiri,1,1,1
2022-23,Tripura,Dhalai,79,4440,4432
2022-23,Tripura,Gomati,116,489,485
2022-23,Tripura,Khowai,48,2474,2511
2022-23,Tripura,North Tripura,100,1477,1456
2022-23,Tripura,Sepahijala,68,1294,1291
2022-23,Tripura,South Tripura,64,858,830
2022-23,Tripura,Unakoti,62,673,681
2022-23,Tripura,West Tripura,145,1566,1575
2022-23,Uttar Pradesh,Agra,667,2168,2297
2022-23,Uttar Pradesh,Aligarh,849,2274,2379
2022-23,Uttar Pradesh,Allahabad,1545,3104,3104
2022-23,Uttar Pradesh,Ambedkar Nagar,796,4751,5268
2022-23,Uttar Pradesh,Amethi,775,5276,5613
2022-23,Uttar Pradesh,Auraiya,380,1017,1076
2022-23,Uttar Pradesh,Ayodhya,225,6490,6657
2022-23,Uttar Pradesh,Azamgarh,280,679,710
2022-23,Uttar Pradesh,Baghpat,94,217,224
2022-23,Uttar Pradesh,Bahraich,454,15635,16491
2022-23,Uttar Pradesh,Ballia,171,10542,10562
2022-23,Uttar Pradesh,Balrampur,176,3311,3261
2022-23,Uttar Pradesh,Banda,219,486,593
2022-23,Uttar Pradesh,Barabanki,307,4332,4837
2022-23,Uttar Pradesh,Bareilly,309,2993,3048
2022-23,Uttar Pradesh,Basti,233,8288,8625
2022-23,Uttar Pradesh,Bhimnagar (Sambhal),19,0,0
2022-23,Uttar Pradesh,Bijnor,341,1013,1176
2022-23,Uttar Pradesh,Budaun,247,626,716
2022-23,Uttar Pradesh,Bulandshahr,260,926,928
2022-23,Uttar Pradesh,Chandauli,351,2113,2513
2022-23,Uttar Pradesh,Chitrakoot,266,2897,3380
2022-23,Uttar Pradesh,Deoria,284,7838,8059
2022-23,Uttar Pradesh,Etah,108,2711,2740
2022-23,Uttar Pradesh,Etawah,94,120,135
2022-23,Uttar Pradesh,Farrukhabad,232,493,605
2022-23,Uttar Pradesh,Fatehpur,310,438,550
2022-23,Uttar Pradesh,Firozabad,138,561,596
2022-23,Uttar Pradesh,Gautam Buddha Nagar,89,255,257
2022-23,Uttar Pradesh,Ghaziabad,81,183,181
2022-23,Uttar Pradesh,Ghazipur,215,533,552
2022-23,Uttar Pradesh,Gonda,275,5800,6198
2022-23,Uttar Pradesh,Gorakhpur,300,1360,1387
2022-23,Uttar Pradesh,Hamirpur,71,383,375
2022-23,Uttar Pradesh,Hapur,51,127,127
2022-23,Uttar Pradesh,Hardoi,261,5804,5961
2022-23,Uttar Pradesh,Hathras,61,211,223
2022-23,Uttar Pradesh,Jalaun,139,279,315
2022-23,Uttar Pradesh,Jaunpur,355,1096,1282
2022-23,Uttar Pradesh,Jhansi,150,9889,10224
2022-23,Uttar Pradesh,Jyotiba Phoole Nagar (Amroha),246,1242,1424
2022-23,Uttar Pradesh,Kannauj,109,312,395
2022-23,Uttar Pradesh,Kanpur Dehat,255,423,485
2022-23,Uttar Pradesh,Kanpur Nagar,135,638,666
2022-23,Uttar Pradesh,Kasganj,63,281,286
2022-23,Uttar Pradesh,Kaushambi,94,140,150
2022-23,Uttar Pradesh,Kheri,348,27190,28553
2022-23,Uttar Pradesh,Kushi Nagar,282,2012,2029
2022-23,Uttar Pradesh,Lalitpur,94,330,350
2022-23,Uttar Pradesh,Lucknow,169,602,653
2022-23,Uttar Pradesh,Maharajganj,253,5382,6306
2022-23,Uttar Pradesh,Mahoba,85,484,814
2022-23,Uttar Pradesh,Mainpuri,166,292,311
2022-23,Uttar Pradesh,Mathura,169,658,696
2022-23,Uttar Pradesh,Mau,133,1320,1445
2022-23,Uttar Pradesh,Meerut,117,500,512
2022-23,Uttar Pradesh,Mirzapur,175,579,664
2022-23,Uttar Pradesh,Moradabad,362,1719,1924
2022-23,Uttar Pradesh,Muzaffarnagar,163,412,433
2022-23,Uttar Pradesh,Pilibhit,162,722,855
2022-23,Uttar Pradesh,Pratapgarh,249,3496,3741
2022-23,Uttar Pradesh,Rae Bareli,234,4231,4220
2022-23,Uttar Pradesh,Rampur,163,481,522
2022-23,Uttar Pradesh,Saharanpur,306,15992,17061
2022-23,Uttar Pradesh,Sant Kabeer Nagar,147,524,523
2022-23,Uttar Pradesh,Sant Ravidas Nagar(Bhadohi),161,913,882
2022-23,Uttar Pradesh,Shahjahanpur,375,9325,9704
2022-23,Uttar Pradesh,Shamli,81,5868,8034
2022-23,Uttar Pradesh,Shravasti,228,9747,10273
2022-23,Uttar Pradesh,Siddharth Nagar,482,6109,6718
2022-23,Uttar Pradesh,Sitapur,310,18269,19515
2022-23,Uttar Pradesh,Sonbhadra,388,5977,6669
2022-23,Uttar Pradesh,Sultanpur,223,946,1050
2022-23,Uttar Pradesh,Unnao,208,2333,2377
2022-23,Uttar Pradesh,Varanasi,247,8857,9223
2022-23,Uttarakhand,Almora,136,650,648
2022-23,Uttarakhand,Bageshwar,84,283,305
2022-23,Uttarakhand,Chamoli,187,747,877
2022-23,Uttarakhand,Champawat,90,329,390
2022-23,Uttarakhand,Dehradun,101,1378,1368
2022-23,Uttarakhand,Haridwar,286,8871,9452
2022-23,Uttarakhand,Nainital,159,218,233
2022-23,Uttarakhand,Pauri Garhwal,50,163,167
2022-23,Uttarakhand,Pithoragarh,58,767,801
2022-23,Uttarakhand,Rudra Prayag,43,230,299
2022-23,Uttarakhand,Tehri Garhwal,40,304,365
2022-23,Uttarakhand,Udham Singh Nagar,255,7863,8098
2022-23,Uttarakhand,Uttarkashi,42,640,837
2022-23,West Bengal,Alipurduar,1,10,10
2022-23,West Bengal,Bankura,183,5230,5096
2022-23,West Bengal,Birbhum,162,3516,3524
2022-23,West Bengal,Coochbehar,107,7687,7410
2022-23,West Bengal,Darjeeling,34,618,619
2022-23,West Bengal,Dinajpur Dakshin,65,1625,1625
2022-23,West Bengal,Dinajpur Uttar,76,272,275
2022-23,West Bengal,East Medinipur,160,729,714
2022-23,West Bengal,Hooghly,100,404,387
2022-23,West Bengal,Howrah,65,103,100
2022-23,West Bengal,Jalpaiguri,92,243,242
2022-23,West Bengal,Jhargram,1,106,101
2022-23,West Bengal,Kalimpong,1,1,1
2022-23,West Bengal,Kolkata,1,0,0
2022-23,West Bengal,Maldah,137,4339,4345
2022-23,West Bengal,Murshidabad,247,6841,6790
2022-23,West Bengal,Nadia,172,4128,4094
2022-23,West Bengal,North 24 Paraganas,141,389,390
2022-23,West Bengal,Paschim Bardhaman,1,12,12
2022-23,West Bengal,Purba Bardhaman,173,529,523
2022-23,West Bengal,Purulia,93,987,985
2022-23,West Bengal,South 24 Paraganas,212,942,892
2022-23,West Bengal,West Medinipur,162,763,750
2022-23,Total (36 States/UTs),755,100000,1437739,1494426
